vivado_delay	ot_delay	class	endpoint
3.685	4.627	FF_D	eth.sgmii_soc1.i_mac.axis_gmii_tx_inst.s_tdata_reg_reg[4]/D
3.601	3.869	FF_D	eth.sgmii_soc1.i_mac.axis_gmii_tx_inst.s_tdata_reg_reg[5]/D
3.602	4.556	FF_D	eth.sgmii_soc1.i_mac.axis_gmii_tx_inst.s_tdata_reg_reg[0]/D
3.596	4.516	FF_D	eth.sgmii_soc1.i_mac.axis_gmii_tx_inst.s_tdata_reg_reg[3]/D
3.528	4.053	FF_D	eth.sgmii_soc1.i_mac.axis_gmii_tx_inst.s_tdata_reg_reg[7]/D
3.535	4.494	FF_D	eth.sgmii_soc1.i_mac.axis_gmii_tx_inst.s_tdata_reg_reg[1]/D
3.491	4.167	FF_D	eth.sgmii_soc1.i_mac.axis_gmii_tx_inst.s_tdata_reg_reg[6]/D
3.483	4.007	FF_D	eth.sgmii_soc1.i_mac.axis_gmii_tx_inst.s_tdata_reg_reg[2]/D
2.529	3.256	BRAM_ADDR	eth.RAMB16_inst_tx.genblk1[0].RAMB16_S9_S36_inst/ADDRARDADDR[11]
2.509	4.236	BRAM_ADDR	eth.RAMB16_inst_tx.genblk1[1].RAMB16_S9_S36_inst/ADDRARDADDR[4]
2.582	3.490	BRAM_ADDR	eth.RAMB16_inst_tx.genblk1[1].RAMB16_S9_S36_inst/ADDRARDADDR[10]
2.495	2.527	BRAM_ADDR	eth.RAMB16_inst_tx.genblk1[1].RAMB16_S9_S36_inst/ADDRARDADDR[9]
2.544	3.206	BRAM_ADDR	eth.RAMB16_inst_tx.genblk1[0].RAMB16_S9_S36_inst/ADDRARDADDR[10]
2.459	2.546	BRAM_ADDR	eth.RAMB16_inst_tx.genblk1[1].RAMB16_S9_S36_inst/ADDRARDADDR[5]
2.442	3.132	BRAM_ADDR	eth.RAMB16_inst_tx.genblk1[1].RAMB16_S9_S36_inst/ADDRARDADDR[11]
2.436	2.589	BRAM_ADDR	eth.RAMB16_inst_tx.genblk1[1].RAMB16_S9_S36_inst/ADDRARDADDR[3]
2.412	3.930	BRAM_ADDR	eth.RAMB16_inst_tx.genblk1[0].RAMB16_S9_S36_inst/ADDRARDADDR[4]
2.499	3.057	BRAM_ADDR	eth.RAMB16_inst_tx.genblk1[1].RAMB16_S9_S36_inst/ADDRARDADDR[8]
2.464	3.143	BRAM_ADDR	eth.RAMB16_inst_tx.genblk1[1].RAMB16_S9_S36_inst/ADDRARDADDR[12]
2.346	2.568	BRAM_ADDR	eth.RAMB16_inst_tx.genblk1[0].RAMB16_S9_S36_inst/ADDRARDADDR[3]
6.676	7.361	FF_S	eth.sgmii_soc1.i_mac.axis_gmii_tx_inst.crc_state_reg[24]/S
6.676	7.361	FF_S	eth.sgmii_soc1.i_mac.axis_gmii_tx_inst.crc_state_reg[25]/S
6.676	7.361	FF_S	eth.sgmii_soc1.i_mac.axis_gmii_tx_inst.crc_state_reg[26]/S
6.676	7.361	FF_S	eth.sgmii_soc1.i_mac.axis_gmii_tx_inst.crc_state_reg[27]/S
6.646	7.215	FF_S	eth.sgmii_soc1.i_mac.axis_gmii_tx_inst.crc_state_reg[31]/S
6.646	7.215	FF_S	eth.sgmii_soc1.i_mac.axis_gmii_tx_inst.crc_state_reg[3]/S
6.646	7.215	FF_S	eth.sgmii_soc1.i_mac.axis_gmii_tx_inst.crc_state_reg[4]/S
6.646	7.215	FF_S	eth.sgmii_soc1.i_mac.axis_gmii_tx_inst.crc_state_reg[5]/S
6.667	7.215	FF_S	eth.sgmii_soc1.i_mac.axis_gmii_tx_inst.crc_state_reg[28]/S
6.667	7.215	FF_S	eth.sgmii_soc1.i_mac.axis_gmii_tx_inst.crc_state_reg[29]/S
6.667	7.215	FF_S	eth.sgmii_soc1.i_mac.axis_gmii_tx_inst.crc_state_reg[2]/S
6.667	7.215	FF_S	eth.sgmii_soc1.i_mac.axis_gmii_tx_inst.crc_state_reg[30]/S
2.276	2.604	BRAM_ADDR	eth.RAMB16_inst_tx.genblk1[0].RAMB16_S9_S36_inst/ADDRARDADDR[9]
6.662	7.215	FF_S	eth.sgmii_soc1.i_mac.axis_gmii_tx_inst.crc_state_reg[17]/S
6.662	7.215	FF_S	eth.sgmii_soc1.i_mac.axis_gmii_tx_inst.crc_state_reg[18]/S
6.662	7.215	FF_S	eth.sgmii_soc1.i_mac.axis_gmii_tx_inst.crc_state_reg[19]/S
6.662	7.215	FF_S	eth.sgmii_soc1.i_mac.axis_gmii_tx_inst.crc_state_reg[1]/S
6.646	7.215	FF_S	eth.sgmii_soc1.i_mac.axis_gmii_tx_inst.crc_state_reg[13]/S
6.646	7.215	FF_S	eth.sgmii_soc1.i_mac.axis_gmii_tx_inst.crc_state_reg[14]/S
6.646	7.215	FF_S	eth.sgmii_soc1.i_mac.axis_gmii_tx_inst.crc_state_reg[15]/S
6.646	7.215	FF_S	eth.sgmii_soc1.i_mac.axis_gmii_tx_inst.crc_state_reg[16]/S
2.258	2.960	BRAM_ADDR	eth.RAMB16_inst_tx.genblk1[1].RAMB16_S9_S36_inst/ADDRARDADDR[6]
6.630	7.339	FF_S	eth.sgmii_soc1.i_mac.axis_gmii_tx_inst.crc_state_reg[20]/S
6.630	7.339	FF_S	eth.sgmii_soc1.i_mac.axis_gmii_tx_inst.crc_state_reg[21]/S
6.630	7.339	FF_S	eth.sgmii_soc1.i_mac.axis_gmii_tx_inst.crc_state_reg[22]/S
6.630	7.339	FF_S	eth.sgmii_soc1.i_mac.axis_gmii_tx_inst.crc_state_reg[23]/S
2.240	2.692	BRAM_ADDR	eth.RAMB16_inst_tx.genblk1[0].RAMB16_S9_S36_inst/ADDRARDADDR[5]
2.318	3.064	BRAM_ADDR	eth.RAMB16_inst_tx.genblk1[0].RAMB16_S9_S36_inst/ADDRARDADDR[8]
6.577	7.506	FF_S	eth.sgmii_soc1.i_mac.axis_gmii_tx_inst.crc_state_reg[6]/S
6.577	7.506	FF_S	eth.sgmii_soc1.i_mac.axis_gmii_tx_inst.crc_state_reg[7]/S
6.577	7.506	FF_S	eth.sgmii_soc1.i_mac.axis_gmii_tx_inst.crc_state_reg[8]/S
6.577	7.506	FF_S	eth.sgmii_soc1.i_mac.axis_gmii_tx_inst.crc_state_reg[9]/S
2.283	3.129	BRAM_ADDR	eth.RAMB16_inst_tx.genblk1[0].RAMB16_S9_S36_inst/ADDRARDADDR[12]
2.171	3.154	BRAM_ADDR	eth.RAMB16_inst_tx.genblk1[1].RAMB16_S9_S36_inst/ADDRARDADDR[7]
2.161	2.698	BRAM_ADDR	eth.RAMB16_inst_tx.genblk1[0].RAMB16_S9_S36_inst/ADDRARDADDR[6]
6.492	7.193	FF_S	eth.sgmii_soc1.i_mac.axis_gmii_tx_inst.crc_state_reg[0]/S
6.492	7.193	FF_S	eth.sgmii_soc1.i_mac.axis_gmii_tx_inst.crc_state_reg[10]/S
6.492	7.193	FF_S	eth.sgmii_soc1.i_mac.axis_gmii_tx_inst.crc_state_reg[11]/S
6.492	7.193	FF_S	eth.sgmii_soc1.i_mac.axis_gmii_tx_inst.crc_state_reg[12]/S
2.104	3.016	BRAM_ADDR	eth.RAMB16_inst_tx.genblk1[0].RAMB16_S9_S36_inst/ADDRARDADDR[7]
6.647	7.310	FF_R	eth.sgmii_soc1.i_mac.axis_gmii_tx_inst.ifg_reg_reg[5]/R
6.647	7.310	FF_R	eth.sgmii_soc1.i_mac.axis_gmii_tx_inst.ifg_reg_reg[6]/R
6.119	2.506	BRAM_DIADI	eth.RAMB16_inst_rx.genblk1[0].RAMB16_S9_S36_inst/DIADI[2]
6.098	3.038	BRAM_DIADI	eth.RAMB16_inst_rx.genblk1[0].RAMB16_S9_S36_inst/DIADI[0]
6.262	6.575	FF_S	eth.sgmii_soc1.i_mac.axis_gmii_rx_inst.crc_state_reg[28]/S
6.262	6.575	FF_S	eth.sgmii_soc1.i_mac.axis_gmii_rx_inst.crc_state_reg[29]/S
6.262	6.575	FF_S	eth.sgmii_soc1.i_mac.axis_gmii_rx_inst.crc_state_reg[2]/S
6.262	6.575	FF_S	eth.sgmii_soc1.i_mac.axis_gmii_rx_inst.crc_state_reg[30]/S
6.238	6.451	FF_S	eth.sgmii_soc1.i_mac.axis_gmii_rx_inst.crc_state_reg[20]/S
6.238	6.451	FF_S	eth.sgmii_soc1.i_mac.axis_gmii_rx_inst.crc_state_reg[21]/S
6.238	6.451	FF_S	eth.sgmii_soc1.i_mac.axis_gmii_rx_inst.crc_state_reg[22]/S
6.238	6.451	FF_S	eth.sgmii_soc1.i_mac.axis_gmii_rx_inst.crc_state_reg[23]/S
6.260	6.305	FF_S	eth.sgmii_soc1.i_mac.axis_gmii_rx_inst.crc_state_reg[13]/S
6.260	6.305	FF_S	eth.sgmii_soc1.i_mac.axis_gmii_rx_inst.crc_state_reg[14]/S
6.260	6.305	FF_S	eth.sgmii_soc1.i_mac.axis_gmii_rx_inst.crc_state_reg[15]/S
6.260	6.305	FF_S	eth.sgmii_soc1.i_mac.axis_gmii_rx_inst.crc_state_reg[16]/S
6.025	2.815	BRAM_DIADI	eth.RAMB16_inst_rx.genblk1[10].RAMB16_S9_S36_inst/DIADI[0]
6.230	6.429	FF_S	eth.sgmii_soc1.i_mac.axis_gmii_rx_inst.crc_state_reg[31]/S
6.230	6.429	FF_S	eth.sgmii_soc1.i_mac.axis_gmii_rx_inst.crc_state_reg[3]/S
6.230	6.429	FF_S	eth.sgmii_soc1.i_mac.axis_gmii_rx_inst.crc_state_reg[4]/S
6.230	6.429	FF_S	eth.sgmii_soc1.i_mac.axis_gmii_rx_inst.crc_state_reg[5]/S
6.222	6.553	FF_S	eth.sgmii_soc1.i_mac.axis_gmii_rx_inst.crc_state_reg[17]/S
6.222	6.553	FF_S	eth.sgmii_soc1.i_mac.axis_gmii_rx_inst.crc_state_reg[18]/S
6.222	6.553	FF_S	eth.sgmii_soc1.i_mac.axis_gmii_rx_inst.crc_state_reg[19]/S
6.222	6.553	FF_S	eth.sgmii_soc1.i_mac.axis_gmii_rx_inst.crc_state_reg[1]/S
6.141	6.407	FF_S	eth.sgmii_soc1.i_mac.axis_gmii_rx_inst.crc_state_reg[24]/S
6.141	6.407	FF_S	eth.sgmii_soc1.i_mac.axis_gmii_rx_inst.crc_state_reg[25]/S
6.141	6.407	FF_S	eth.sgmii_soc1.i_mac.axis_gmii_rx_inst.crc_state_reg[26]/S
6.141	6.407	FF_S	eth.sgmii_soc1.i_mac.axis_gmii_rx_inst.crc_state_reg[27]/S
6.668	6.894	FF_D	eth.sgmii_soc1.i_mac.axis_gmii_tx_inst.ifg_reg_reg[1]/D
5.943	2.844	BRAM_DIADI	eth.RAMB16_inst_rx.genblk1[10].RAMB16_S9_S36_inst/DIADI[2]
6.153	6.473	FF_S	eth.sgmii_soc1.i_mac.axis_gmii_rx_inst.crc_state_reg[6]/S
6.153	6.473	FF_S	eth.sgmii_soc1.i_mac.axis_gmii_rx_inst.crc_state_reg[7]/S
6.153	6.473	FF_S	eth.sgmii_soc1.i_mac.axis_gmii_rx_inst.crc_state_reg[8]/S
6.153	6.473	FF_S	eth.sgmii_soc1.i_mac.axis_gmii_rx_inst.crc_state_reg[9]/S
6.133	6.407	FF_S	eth.sgmii_soc1.i_mac.axis_gmii_rx_inst.crc_state_reg[0]/S
6.133	6.407	FF_S	eth.sgmii_soc1.i_mac.axis_gmii_rx_inst.crc_state_reg[10]/S
6.133	6.407	FF_S	eth.sgmii_soc1.i_mac.axis_gmii_rx_inst.crc_state_reg[11]/S
6.133	6.407	FF_S	eth.sgmii_soc1.i_mac.axis_gmii_rx_inst.crc_state_reg[12]/S
6.583	6.894	FF_D	eth.sgmii_soc1.i_mac.axis_gmii_tx_inst.ifg_reg_reg[7]/D
5.952	4.553	BRAM_ADDR	eth.RAMB16_inst_rx.genblk1[18].RAMB16_S9_S36_inst/ADDRARDADDR[9]
6.016	5.270	BRAM_ADDR	eth.RAMB16_inst_rx.genblk1[19].RAMB16_S9_S36_inst/ADDRARDADDR[6]
6.003	5.062	BRAM_ADDR	eth.RAMB16_inst_rx.genblk1[19].RAMB16_S9_S36_inst/ADDRARDADDR[12]
6.299	6.568	FF_CE	eth.sgmii_soc1.i_mac.axis_gmii_tx_inst.ifg_reg_reg[5]/CE
6.299	6.568	FF_CE	eth.sgmii_soc1.i_mac.axis_gmii_tx_inst.ifg_reg_reg[6]/CE
6.281	6.423	FF_CE	eth.sgmii_soc1.i_mac.axis_gmii_tx_inst.ifg_reg_reg[2]/CE
6.281	6.423	FF_CE	eth.sgmii_soc1.i_mac.axis_gmii_tx_inst.ifg_reg_reg[3]/CE
6.281	6.423	FF_CE	eth.sgmii_soc1.i_mac.axis_gmii_tx_inst.ifg_reg_reg[4]/CE
5.959	3.082	BRAM_ADDR	eth.RAMB16_inst_rx.genblk1[1].RAMB16_S9_S36_inst/ADDRARDADDR[8]
5.887	3.077	BRAM_DIADI	eth.RAMB16_inst_rx.genblk1[11].RAMB16_S9_S36_inst/DIADI[0]
5.771	4.706	BRAM_ADDR	eth.RAMB16_inst_rx.genblk1[18].RAMB16_S9_S36_inst/ADDRARDADDR[5]
6.161	6.401	FF_CE	eth.sgmii_soc1.i_mac.axis_gmii_tx_inst.ifg_reg_reg[0]/CE
5.835	5.397	BRAM_ADDR	eth.RAMB16_inst_rx.genblk1[19].RAMB16_S9_S36_inst/ADDRARDADDR[10]
5.717	2.692	BRAM_DIADI	eth.RAMB16_inst_rx.genblk1[11].RAMB16_S9_S36_inst/DIADI[2]
5.687	4.269	BRAM_ADDR	eth.RAMB16_inst_rx.genblk1[17].RAMB16_S9_S36_inst/ADDRARDADDR[9]
5.688	5.861	BRAM_ADDR	eth.RAMB16_inst_rx.genblk1[1].RAMB16_S9_S36_inst/ADDRARDADDR[3]
5.751	5.277	BRAM_ADDR	eth.RAMB16_inst_rx.genblk1[18].RAMB16_S9_S36_inst/ADDRARDADDR[6]
5.738	4.800	BRAM_ADDR	eth.RAMB16_inst_rx.genblk1[18].RAMB16_S9_S36_inst/ADDRARDADDR[12]
5.585	5.657	BRAM_ADDR	eth.RAMB16_inst_rx.genblk1[20].RAMB16_S9_S36_inst/ADDRARDADDR[9]
5.633	3.361	BRAM_DIADI	eth.RAMB16_inst_rx.genblk1[12].RAMB16_S9_S36_inst/DIADI[0]
5.694	3.045	BRAM_ADDR	eth.RAMB16_inst_rx.genblk1[19].RAMB16_S9_S36_inst/ADDRARDADDR[8]
5.580	2.684	BRAM_DIADI	eth.RAMB16_inst_rx.genblk1[12].RAMB16_S9_S36_inst/DIADI[2]
5.575	3.376	BRAM_DIADI	eth.RAMB16_inst_rx.genblk1[13].RAMB16_S9_S36_inst/DIADI[0]
5.320	4.407	BRAM_ADDR	eth.RAMB16_inst_rx.genblk1[9].RAMB16_S9_S36_inst/ADDRARDADDR[9]
5.837	5.973	FF_D	eth.sgmii_soc1.i_mac.axis_gmii_rx_inst.m_axis_tvalid_reg_reg/D
5.382	2.926	BRAM_DIADI	eth.RAMB16_inst_rx.genblk1[0].RAMB16_S9_S36_inst/DIADI[6]
6.180	5.312	FF_D	eth.sgmii_soc1.i_pcs_pma.inst.pcs_pma_block_i/transceiver_inst/rx_elastic_buffer_inst/rxclkcorcnt_reg[2]/D
5.458	5.811	BRAM_ADDR	eth.RAMB16_inst_rx.genblk1[20].RAMB16_S9_S36_inst/ADDRARDADDR[5]
5.506	4.735	BRAM_ADDR	eth.RAMB16_inst_rx.genblk1[17].RAMB16_S9_S36_inst/ADDRARDADDR[5]
5.512	5.393	BRAM_ADDR	eth.RAMB16_inst_rx.genblk1[1].RAMB16_S9_S36_inst/ADDRARDADDR[4]
5.570	5.208	BRAM_ADDR	eth.RAMB16_inst_rx.genblk1[18].RAMB16_S9_S36_inst/ADDRARDADDR[10]
5.329	3.188	BRAM_DIADI	eth.RAMB16_inst_rx.genblk1[10].RAMB16_S9_S36_inst/DIADI[6]
5.488	6.071	BRAM_ADDR	eth.RAMB16_inst_rx.genblk1[20].RAMB16_S9_S36_inst/ADDRARDADDR[10]
5.422	4.233	BRAM_ADDR	eth.RAMB16_inst_rx.genblk1[16].RAMB16_S9_S36_inst/ADDRARDADDR[9]
5.444	3.954	BRAM_ADDR	eth.RAMB16_inst_rx.genblk1[1].RAMB16_S9_S36_inst/ADDRARDADDR[7]
5.757	5.975	FF_D	eth.sgmii_soc1.i_mac.axis_gmii_rx_inst.crc_cnt_reg[0]/D
5.446	6.506	BRAM_ADDR	eth.RAMB16_inst_rx.genblk1[20].RAMB16_S9_S36_inst/ADDRARDADDR[6]
5.193	4.270	BRAM_ADDR	eth.RAMB16_inst_rx.genblk1[9].RAMB16_S9_S36_inst/ADDRARDADDR[5]
5.423	5.585	BRAM_ADDR	eth.RAMB16_inst_rx.genblk1[19].RAMB16_S9_S36_inst/ADDRARDADDR[3]
5.486	4.993	BRAM_ADDR	eth.RAMB16_inst_rx.genblk1[17].RAMB16_S9_S36_inst/ADDRARDADDR[6]
5.473	4.785	BRAM_ADDR	eth.RAMB16_inst_rx.genblk1[17].RAMB16_S9_S36_inst/ADDRARDADDR[12]
5.419	3.443	BRAM_ADDR	eth.RAMB16_inst_rx.genblk1[20].RAMB16_S9_S36_inst/ADDRARDADDR[8]
5.320	5.456	BRAM_ADDR	eth.RAMB16_inst_rx.genblk1[21].RAMB16_S9_S36_inst/ADDRARDADDR[9]
5.223	4.606	BRAM_ADDR	eth.RAMB16_inst_rx.genblk1[9].RAMB16_S9_S36_inst/ADDRARDADDR[10]
5.951	6.256	FF_D	eth.sgmii_soc1.i_mac.axis_gmii_tx_inst.s_axis_tready_reg_reg/D
5.402	5.527	FF_S	eth.sgmii_soc1.i_mac.axis_gmii_rx_inst.fcs_reg_reg[31]/S
5.402	5.527	FF_S	eth.sgmii_soc1.i_mac.axis_gmii_rx_inst.fcs_reg_reg[3]/S
5.402	5.527	FF_S	eth.sgmii_soc1.i_mac.axis_gmii_rx_inst.fcs_reg_reg[4]/S
5.402	5.527	FF_S	eth.sgmii_soc1.i_mac.axis_gmii_rx_inst.fcs_reg_reg[5]/S
5.343	5.527	FF_R	eth.sgmii_soc1.i_mac.axis_gmii_rx_inst.gmii_rx_dv_d0_reg/R
5.343	5.527	FF_R	eth.sgmii_soc1.i_mac.axis_gmii_rx_inst.gmii_rx_dv_d1_reg/R
5.343	5.527	FF_R	eth.sgmii_soc1.i_mac.axis_gmii_rx_inst.gmii_rx_dv_d2_reg/R
5.343	5.527	FF_R	eth.sgmii_soc1.i_mac.axis_gmii_rx_inst.gmii_rx_dv_d3_reg/R
5.391	5.527	FF_R	eth.sgmii_soc1.i_mac.axis_gmii_rx_inst.FSM_sequential_state_reg_reg[0]/R
5.391	5.527	FF_R	eth.sgmii_soc1.i_mac.axis_gmii_rx_inst.FSM_sequential_state_reg_reg[1]/R
5.395	5.527	FF_S	eth.sgmii_soc1.i_mac.axis_gmii_rx_inst.fcs_reg_reg[0]/S
5.395	5.527	FF_S	eth.sgmii_soc1.i_mac.axis_gmii_rx_inst.fcs_reg_reg[10]/S
5.395	5.527	FF_S	eth.sgmii_soc1.i_mac.axis_gmii_rx_inst.fcs_reg_reg[11]/S
5.395	5.527	FF_S	eth.sgmii_soc1.i_mac.axis_gmii_rx_inst.fcs_reg_reg[12]/S
5.395	5.527	FF_S	eth.sgmii_soc1.i_mac.axis_gmii_rx_inst.fcs_reg_reg[20]/S
5.395	5.527	FF_S	eth.sgmii_soc1.i_mac.axis_gmii_rx_inst.fcs_reg_reg[21]/S
5.395	5.527	FF_S	eth.sgmii_soc1.i_mac.axis_gmii_rx_inst.fcs_reg_reg[22]/S
5.395	5.527	FF_S	eth.sgmii_soc1.i_mac.axis_gmii_rx_inst.fcs_reg_reg[23]/S
5.396	5.527	FF_S	eth.sgmii_soc1.i_mac.axis_gmii_rx_inst.fcs_reg_reg[28]/S
5.396	5.527	FF_S	eth.sgmii_soc1.i_mac.axis_gmii_rx_inst.fcs_reg_reg[29]/S
5.396	5.527	FF_S	eth.sgmii_soc1.i_mac.axis_gmii_rx_inst.fcs_reg_reg[2]/S
5.396	5.527	FF_S	eth.sgmii_soc1.i_mac.axis_gmii_rx_inst.fcs_reg_reg[30]/S
5.395	5.527	FF_S	eth.sgmii_soc1.i_mac.axis_gmii_rx_inst.fcs_reg_reg[6]/S
5.395	5.527	FF_S	eth.sgmii_soc1.i_mac.axis_gmii_rx_inst.fcs_reg_reg[7]/S
5.395	5.527	FF_S	eth.sgmii_soc1.i_mac.axis_gmii_rx_inst.fcs_reg_reg[8]/S
5.395	5.527	FF_S	eth.sgmii_soc1.i_mac.axis_gmii_rx_inst.fcs_reg_reg[9]/S
5.394	5.527	FF_S	eth.sgmii_soc1.i_mac.axis_gmii_tx_inst.fcs_reg_reg[17]/S
5.394	5.527	FF_S	eth.sgmii_soc1.i_mac.axis_gmii_tx_inst.fcs_reg_reg[18]/S
5.394	5.527	FF_S	eth.sgmii_soc1.i_mac.axis_gmii_tx_inst.fcs_reg_reg[19]/S
5.394	5.527	FF_S	eth.sgmii_soc1.i_mac.axis_gmii_tx_inst.fcs_reg_reg[1]/S
5.429	2.761	BRAM_ADDR	eth.RAMB16_inst_rx.genblk1[18].RAMB16_S9_S36_inst/ADDRARDADDR[8]
5.402	5.527	FF_S	eth.sgmii_soc1.i_mac.axis_gmii_rx_inst.fcs_reg_reg[24]/S
5.402	5.527	FF_S	eth.sgmii_soc1.i_mac.axis_gmii_rx_inst.fcs_reg_reg[25]/S
5.402	5.527	FF_S	eth.sgmii_soc1.i_mac.axis_gmii_rx_inst.fcs_reg_reg[26]/S
5.402	5.527	FF_S	eth.sgmii_soc1.i_mac.axis_gmii_rx_inst.fcs_reg_reg[27]/S
5.350	3.521	BRAM_DIADI	eth.RAMB16_inst_rx.genblk1[14].RAMB16_S9_S36_inst/DIADI[0]
5.360	5.397	BRAM_ADDR	eth.RAMB16_inst_rx.genblk1[20].RAMB16_S9_S36_inst/ADDRARDADDR[12]
5.392	5.527	FF_S	eth.sgmii_soc1.i_mac.axis_gmii_tx_inst.fcs_reg_reg[0]/S
5.392	5.527	FF_S	eth.sgmii_soc1.i_mac.axis_gmii_tx_inst.fcs_reg_reg[10]/S
5.392	5.527	FF_S	eth.sgmii_soc1.i_mac.axis_gmii_tx_inst.fcs_reg_reg[11]/S
5.392	5.527	FF_S	eth.sgmii_soc1.i_mac.axis_gmii_tx_inst.fcs_reg_reg[12]/S
5.395	5.527	FF_S	eth.sgmii_soc1.i_mac.axis_gmii_rx_inst.fcs_reg_reg[13]/S
5.395	5.527	FF_S	eth.sgmii_soc1.i_mac.axis_gmii_rx_inst.fcs_reg_reg[14]/S
5.395	5.527	FF_S	eth.sgmii_soc1.i_mac.axis_gmii_rx_inst.fcs_reg_reg[15]/S
5.395	5.527	FF_S	eth.sgmii_soc1.i_mac.axis_gmii_rx_inst.fcs_reg_reg[16]/S
5.395	5.527	FF_S	eth.sgmii_soc1.i_mac.axis_gmii_rx_inst.fcs_reg_reg[17]/S
5.395	5.527	FF_S	eth.sgmii_soc1.i_mac.axis_gmii_rx_inst.fcs_reg_reg[18]/S
5.395	5.527	FF_S	eth.sgmii_soc1.i_mac.axis_gmii_rx_inst.fcs_reg_reg[19]/S
5.395	5.527	FF_S	eth.sgmii_soc1.i_mac.axis_gmii_rx_inst.fcs_reg_reg[1]/S
5.336	5.527	FF_R	eth.sgmii_soc1.i_mac.axis_gmii_rx_inst.gmii_rx_dv_d4_reg/R
5.181	5.324	BRAM_ADDR	eth.RAMB16_inst_rx.genblk1[9].RAMB16_S9_S36_inst/ADDRARDADDR[6]
5.331	2.990	BRAM_DIADI	eth.RAMB16_inst_rx.genblk1[13].RAMB16_S9_S36_inst/DIADI[2]
5.639	5.975	FF_D	eth.sgmii_soc1.i_mac.axis_gmii_rx_inst.crc_cnt_reg[1]/D
5.154	2.626	BRAM_ADDR	eth.RAMB16_inst_rx.genblk1[9].RAMB16_S9_S36_inst/ADDRARDADDR[8]
5.055	4.102	BRAM_ADDR	eth.RAMB16_inst_rx.genblk1[8].RAMB16_S9_S36_inst/ADDRARDADDR[9]
5.562	5.808	FF_R	eth.sgmii_soc1.i_mac.axis_gmii_tx_inst.frame_ptr_reg_reg[6]/R
5.562	5.808	FF_R	eth.sgmii_soc1.i_mac.axis_gmii_tx_inst.frame_ptr_reg_reg[7]/R
5.562	5.808	FF_R	eth.sgmii_soc1.i_mac.axis_gmii_tx_inst.frame_ptr_reg_reg[8]/R
5.562	5.808	FF_R	eth.sgmii_soc1.i_mac.axis_gmii_tx_inst.frame_ptr_reg_reg[9]/R
5.563	5.808	FF_R	eth.sgmii_soc1.i_mac.axis_gmii_tx_inst.gmii_tx_en_reg_reg/R
5.563	5.808	FF_R	eth.sgmii_soc1.i_mac.axis_gmii_tx_inst.gmii_tx_er_reg_reg/R
5.566	5.808	FF_S	eth.sgmii_soc1.i_mac.axis_gmii_tx_inst.fcs_reg_reg[31]/S
5.566	5.808	FF_S	eth.sgmii_soc1.i_mac.axis_gmii_tx_inst.fcs_reg_reg[3]/S
5.566	5.808	FF_S	eth.sgmii_soc1.i_mac.axis_gmii_tx_inst.fcs_reg_reg[4]/S
5.566	5.808	FF_S	eth.sgmii_soc1.i_mac.axis_gmii_tx_inst.fcs_reg_reg[5]/S
5.936	5.311	FF_D	eth.sgmii_soc1.i_pcs_pma.inst.pcs_pma_block_i/transceiver_inst/rx_elastic_buffer_inst/insert_idle_reg/D
5.571	5.808	FF_R	eth.sgmii_soc1.i_mac.axis_gmii_tx_inst.FSM_sequential_state_reg_reg[0]/R
5.571	5.808	FF_R	eth.sgmii_soc1.i_mac.axis_gmii_tx_inst.FSM_sequential_state_reg_reg[1]/R
5.571	5.808	FF_R	eth.sgmii_soc1.i_mac.axis_gmii_tx_inst.FSM_sequential_state_reg_reg[2]/R
5.931	5.311	FF_D	eth.sgmii_soc1.i_pcs_pma.inst.pcs_pma_block_i/transceiver_inst/rx_elastic_buffer_inst/rd_enable_reg/D
5.562	5.808	FF_R	eth.sgmii_soc1.i_mac.axis_gmii_tx_inst.frame_ptr_reg_reg[13]/R
5.562	5.808	FF_R	eth.sgmii_soc1.i_mac.axis_gmii_tx_inst.frame_ptr_reg_reg[14]/R
5.562	5.808	FF_R	eth.sgmii_soc1.i_mac.axis_gmii_tx_inst.frame_ptr_reg_reg[15]/R
5.562	5.808	FF_R	eth.sgmii_soc1.i_mac.axis_gmii_tx_inst.frame_ptr_reg_reg[1]/R
5.265	3.045	BRAM_ADDR	eth.RAMB16_inst_rx.genblk1[1].RAMB16_S9_S36_inst/ADDRARDADDR[11]
5.566	5.808	FF_S	eth.sgmii_soc1.i_mac.axis_gmii_tx_inst.fcs_reg_reg[6]/S
5.566	5.808	FF_S	eth.sgmii_soc1.i_mac.axis_gmii_tx_inst.fcs_reg_reg[7]/S
5.566	5.808	FF_S	eth.sgmii_soc1.i_mac.axis_gmii_tx_inst.fcs_reg_reg[8]/S
5.566	5.808	FF_S	eth.sgmii_soc1.i_mac.axis_gmii_tx_inst.fcs_reg_reg[9]/S
5.567	5.808	FF_S	eth.sgmii_soc1.i_mac.axis_gmii_tx_inst.fcs_reg_reg[13]/S
5.567	5.808	FF_S	eth.sgmii_soc1.i_mac.axis_gmii_tx_inst.fcs_reg_reg[14]/S
5.567	5.808	FF_S	eth.sgmii_soc1.i_mac.axis_gmii_tx_inst.fcs_reg_reg[15]/S
5.567	5.808	FF_S	eth.sgmii_soc1.i_mac.axis_gmii_tx_inst.fcs_reg_reg[16]/S
5.567	5.808	FF_S	eth.sgmii_soc1.i_mac.axis_gmii_tx_inst.fcs_reg_reg[20]/S
5.567	5.808	FF_S	eth.sgmii_soc1.i_mac.axis_gmii_tx_inst.fcs_reg_reg[21]/S
5.567	5.808	FF_S	eth.sgmii_soc1.i_mac.axis_gmii_tx_inst.fcs_reg_reg[22]/S
5.567	5.808	FF_S	eth.sgmii_soc1.i_mac.axis_gmii_tx_inst.fcs_reg_reg[23]/S
5.568	5.808	FF_S	eth.sgmii_soc1.i_mac.axis_gmii_tx_inst.fcs_reg_reg[24]/S
5.568	5.808	FF_S	eth.sgmii_soc1.i_mac.axis_gmii_tx_inst.fcs_reg_reg[25]/S
5.568	5.808	FF_S	eth.sgmii_soc1.i_mac.axis_gmii_tx_inst.fcs_reg_reg[26]/S
5.568	5.808	FF_S	eth.sgmii_soc1.i_mac.axis_gmii_tx_inst.fcs_reg_reg[27]/S
5.568	5.808	FF_S	eth.sgmii_soc1.i_mac.axis_gmii_tx_inst.fcs_reg_reg[28]/S
5.568	5.808	FF_S	eth.sgmii_soc1.i_mac.axis_gmii_tx_inst.fcs_reg_reg[29]/S
5.568	5.808	FF_S	eth.sgmii_soc1.i_mac.axis_gmii_tx_inst.fcs_reg_reg[2]/S
5.568	5.808	FF_S	eth.sgmii_soc1.i_mac.axis_gmii_tx_inst.fcs_reg_reg[30]/S
5.552	5.808	FF_R	eth.sgmii_soc1.i_mac.axis_gmii_tx_inst.frame_ptr_reg_reg[0]/R
5.552	5.808	FF_R	eth.sgmii_soc1.i_mac.axis_gmii_tx_inst.frame_ptr_reg_reg[10]/R
5.552	5.808	FF_R	eth.sgmii_soc1.i_mac.axis_gmii_tx_inst.frame_ptr_reg_reg[11]/R
5.552	5.808	FF_R	eth.sgmii_soc1.i_mac.axis_gmii_tx_inst.frame_ptr_reg_reg[12]/R
5.554	5.808	FF_R	eth.sgmii_soc1.i_mac.axis_gmii_tx_inst.frame_ptr_reg_reg[2]/R
5.554	5.808	FF_R	eth.sgmii_soc1.i_mac.axis_gmii_tx_inst.frame_ptr_reg_reg[3]/R
5.554	5.808	FF_R	eth.sgmii_soc1.i_mac.axis_gmii_tx_inst.frame_ptr_reg_reg[4]/R
5.554	5.808	FF_R	eth.sgmii_soc1.i_mac.axis_gmii_tx_inst.frame_ptr_reg_reg[5]/R
5.193	5.789	BRAM_ADDR	eth.RAMB16_inst_rx.genblk1[21].RAMB16_S9_S36_inst/ADDRARDADDR[5]
5.241	4.575	BRAM_ADDR	eth.RAMB16_inst_rx.genblk1[16].RAMB16_S9_S36_inst/ADDRARDADDR[5]
5.247	5.087	BRAM_ADDR	eth.RAMB16_inst_rx.genblk1[19].RAMB16_S9_S36_inst/ADDRARDADDR[4]
5.095	4.232	BRAM_ADDR	eth.RAMB16_inst_rx.genblk1[9].RAMB16_S9_S36_inst/ADDRARDADDR[12]
5.305	5.215	BRAM_ADDR	eth.RAMB16_inst_rx.genblk1[17].RAMB16_S9_S36_inst/ADDRARDADDR[10]
5.539	4.863	FF_R	eth.sgmii_soc1.i_pcs_pma.inst.pcs_pma_block_i/transceiver_inst/rx_elastic_buffer_inst/rd_occupancy_reg[0]/R
5.539	4.863	FF_R	eth.sgmii_soc1.i_pcs_pma.inst.pcs_pma_block_i/transceiver_inst/rx_elastic_buffer_inst/rd_occupancy_reg[1]/R
5.539	4.863	FF_R	eth.sgmii_soc1.i_pcs_pma.inst.pcs_pma_block_i/transceiver_inst/rx_elastic_buffer_inst/rd_occupancy_reg[2]/R
5.539	4.863	FF_R	eth.sgmii_soc1.i_pcs_pma.inst.pcs_pma_block_i/transceiver_inst/rx_elastic_buffer_inst/rd_occupancy_reg[3]/R
5.537	4.863	FF_R	eth.sgmii_soc1.i_pcs_pma.inst.pcs_pma_block_i/transceiver_inst/rx_elastic_buffer_inst/rd_addr_reg[0]/R
5.537	4.863	FF_R	eth.sgmii_soc1.i_pcs_pma.inst.pcs_pma_block_i/transceiver_inst/rx_elastic_buffer_inst/rd_addr_reg[1]/R
5.537	4.863	FF_R	eth.sgmii_soc1.i_pcs_pma.inst.pcs_pma_block_i/transceiver_inst/rx_elastic_buffer_inst/rd_addr_reg[2]/R
5.537	4.863	FF_R	eth.sgmii_soc1.i_pcs_pma.inst.pcs_pma_block_i/transceiver_inst/rx_elastic_buffer_inst/rd_addr_reg[3]/R
5.576	4.863	FF_R	eth.sgmii_soc1.i_pcs_pma.inst.pcs_pma_block_i/transceiver_inst/rx_elastic_buffer_inst/rd_data_reg_reg[27]/R
5.576	4.863	FF_R	eth.sgmii_soc1.i_pcs_pma.inst.pcs_pma_block_i/transceiver_inst/rx_elastic_buffer_inst/rd_data_reg_reg[28]/R
5.576	4.863	FF_R	eth.sgmii_soc1.i_pcs_pma.inst.pcs_pma_block_i/transceiver_inst/rx_elastic_buffer_inst/rd_data_reg_reg[2]/R
5.576	4.863	FF_R	eth.sgmii_soc1.i_pcs_pma.inst.pcs_pma_block_i/transceiver_inst/rx_elastic_buffer_inst/rd_data_reg_reg[3]/R
5.526	4.863	FF_R	eth.sgmii_soc1.i_pcs_pma.inst.pcs_pma_block_i/transceiver_inst/rx_elastic_buffer_inst/rd_addr_plus1_reg[1]/R
5.526	4.863	FF_R	eth.sgmii_soc1.i_pcs_pma.inst.pcs_pma_block_i/transceiver_inst/rx_elastic_buffer_inst/rd_addr_plus1_reg[2]/R
5.526	4.863	FF_R	eth.sgmii_soc1.i_pcs_pma.inst.pcs_pma_block_i/transceiver_inst/rx_elastic_buffer_inst/rd_addr_plus1_reg[3]/R
5.526	4.863	FF_R	eth.sgmii_soc1.i_pcs_pma.inst.pcs_pma_block_i/transceiver_inst/rx_elastic_buffer_inst/rd_addr_plus1_reg[4]/R
5.572	4.863	FF_R	eth.sgmii_soc1.i_pcs_pma.inst.pcs_pma_block_i/transceiver_inst/rx_elastic_buffer_inst/insert_idle_reg_reg/R
5.532	4.863	FF_R	eth.sgmii_soc1.i_pcs_pma.inst.pcs_pma_block_i/transceiver_inst/rx_elastic_buffer_inst/rd_occupancy_reg[4]/R
5.532	4.863	FF_S	eth.sgmii_soc1.i_pcs_pma.inst.pcs_pma_block_i/transceiver_inst/rx_elastic_buffer_inst/rd_occupancy_reg[5]/S
5.581	4.863	FF_R	eth.sgmii_soc1.i_pcs_pma.inst.pcs_pma_block_i/transceiver_inst/rx_elastic_buffer_inst/rd_data_reg[27]/R
5.581	4.863	FF_R	eth.sgmii_soc1.i_pcs_pma.inst.pcs_pma_block_i/transceiver_inst/rx_elastic_buffer_inst/rd_data_reg[28]/R
5.581	4.863	FF_R	eth.sgmii_soc1.i_pcs_pma.inst.pcs_pma_block_i/transceiver_inst/rx_elastic_buffer_inst/rd_data_reg[2]/R
5.581	4.863	FF_R	eth.sgmii_soc1.i_pcs_pma.inst.pcs_pma_block_i/transceiver_inst/rx_elastic_buffer_inst/rd_data_reg[3]/R
5.527	4.863	FF_R	eth.sgmii_soc1.i_pcs_pma.inst.pcs_pma_block_i/transceiver_inst/rx_elastic_buffer_inst/rd_data_reg[9]/R
5.580	4.863	FF_R	eth.sgmii_soc1.i_pcs_pma.inst.pcs_pma_block_i/transceiver_inst/rx_elastic_buffer_inst/rd_data_reg[0]/R
5.580	4.863	FF_R	eth.sgmii_soc1.i_pcs_pma.inst.pcs_pma_block_i/transceiver_inst/rx_elastic_buffer_inst/rd_data_reg[10]/R
5.580	4.863	FF_R	eth.sgmii_soc1.i_pcs_pma.inst.pcs_pma_block_i/transceiver_inst/rx_elastic_buffer_inst/rd_data_reg[11]/R
5.580	4.863	FF_R	eth.sgmii_soc1.i_pcs_pma.inst.pcs_pma_block_i/transceiver_inst/rx_elastic_buffer_inst/rd_data_reg[12]/R
5.531	4.863	FF_R	eth.sgmii_soc1.i_pcs_pma.inst.pcs_pma_block_i/transceiver_inst/rx_elastic_buffer_inst/rd_addr_reg[4]/R
5.531	4.863	FF_R	eth.sgmii_soc1.i_pcs_pma.inst.pcs_pma_block_i/transceiver_inst/rx_elastic_buffer_inst/rd_addr_reg[5]/R
5.223	6.238	BRAM_ADDR	eth.RAMB16_inst_rx.genblk1[21].RAMB16_S9_S36_inst/ADDRARDADDR[10]
5.566	4.863	FF_R	eth.sgmii_soc1.i_pcs_pma.inst.pcs_pma_block_i/transceiver_inst/rx_elastic_buffer_inst/rd_data_reg_reg[19]/R
5.566	4.863	FF_R	eth.sgmii_soc1.i_pcs_pma.inst.pcs_pma_block_i/transceiver_inst/rx_elastic_buffer_inst/rd_data_reg_reg[1]/R
5.566	4.863	FF_R	eth.sgmii_soc1.i_pcs_pma.inst.pcs_pma_block_i/transceiver_inst/rx_elastic_buffer_inst/rd_data_reg_reg[20]/R
5.566	4.863	FF_R	eth.sgmii_soc1.i_pcs_pma.inst.pcs_pma_block_i/transceiver_inst/rx_elastic_buffer_inst/rd_data_reg_reg[21]/R
5.567	4.863	FF_R	eth.sgmii_soc1.i_pcs_pma.inst.pcs_pma_block_i/transceiver_inst/rx_elastic_buffer_inst/rxdisperr_usr_reg/R
5.567	4.863	FF_R	eth.sgmii_soc1.i_pcs_pma.inst.pcs_pma_block_i/transceiver_inst/rx_elastic_buffer_inst/rxnotintable_usr_reg/R
5.517	4.863	FF_S	eth.sgmii_soc1.i_pcs_pma.inst.pcs_pma_block_i/transceiver_inst/rx_elastic_buffer_inst/rd_addr_plus2_reg[1]/S
5.520	4.863	FF_R	eth.sgmii_soc1.i_pcs_pma.inst.pcs_pma_block_i/transceiver_inst/rx_elastic_buffer_inst/rd_addr_plus1_reg[5]/R
5.520	4.863	FF_R	eth.sgmii_soc1.i_pcs_pma.inst.pcs_pma_block_i/transceiver_inst/rx_elastic_buffer_inst/rd_addr_plus2_reg[0]/R
5.564	4.863	FF_R	eth.sgmii_soc1.i_pcs_pma.inst.pcs_pma_block_i/transceiver_inst/rx_elastic_buffer_inst/rd_data_reg_reg[22]/R
5.564	4.863	FF_R	eth.sgmii_soc1.i_pcs_pma.inst.pcs_pma_block_i/transceiver_inst/rx_elastic_buffer_inst/rd_data_reg_reg[23]/R
5.564	4.863	FF_R	eth.sgmii_soc1.i_pcs_pma.inst.pcs_pma_block_i/transceiver_inst/rx_elastic_buffer_inst/rd_data_reg_reg[25]/R
5.564	4.863	FF_R	eth.sgmii_soc1.i_pcs_pma.inst.pcs_pma_block_i/transceiver_inst/rx_elastic_buffer_inst/rd_data_reg_reg[26]/R
5.576	4.863	FF_R	eth.sgmii_soc1.i_pcs_pma.inst.pcs_pma_block_i/transceiver_inst/rx_elastic_buffer_inst/rxdata_usr_reg[0]/R
5.576	4.863	FF_R	eth.sgmii_soc1.i_pcs_pma.inst.pcs_pma_block_i/transceiver_inst/rx_elastic_buffer_inst/rxdata_usr_reg[1]/R
5.576	4.863	FF_R	eth.sgmii_soc1.i_pcs_pma.inst.pcs_pma_block_i/transceiver_inst/rx_elastic_buffer_inst/rxdata_usr_reg[2]/R
5.576	4.863	FF_R	eth.sgmii_soc1.i_pcs_pma.inst.pcs_pma_block_i/transceiver_inst/rx_elastic_buffer_inst/rxdata_usr_reg[3]/R
5.526	4.863	FF_R	eth.sgmii_soc1.i_pcs_pma.inst.pcs_pma_block_i/transceiver_inst/rx_elastic_buffer_inst/rd_addr_gray_reg[4]/R
5.572	4.863	FF_R	eth.sgmii_soc1.i_pcs_pma.inst.pcs_pma_block_i/transceiver_inst/rx_elastic_buffer_inst/rd_data_reg_reg[13]/R
5.572	4.863	FF_R	eth.sgmii_soc1.i_pcs_pma.inst.pcs_pma_block_i/transceiver_inst/rx_elastic_buffer_inst/rd_data_reg_reg[16]/R
5.572	4.863	FF_R	eth.sgmii_soc1.i_pcs_pma.inst.pcs_pma_block_i/transceiver_inst/rx_elastic_buffer_inst/rd_data_reg_reg[17]/R
5.572	4.863	FF_R	eth.sgmii_soc1.i_pcs_pma.inst.pcs_pma_block_i/transceiver_inst/rx_elastic_buffer_inst/rd_data_reg_reg[18]/R
5.579	4.863	FF_R	eth.sgmii_soc1.i_pcs_pma.inst.pcs_pma_block_i/transceiver_inst/rx_elastic_buffer_inst/rd_data_reg[19]/R
5.579	4.863	FF_R	eth.sgmii_soc1.i_pcs_pma.inst.pcs_pma_block_i/transceiver_inst/rx_elastic_buffer_inst/rd_data_reg[1]/R
5.579	4.863	FF_R	eth.sgmii_soc1.i_pcs_pma.inst.pcs_pma_block_i/transceiver_inst/rx_elastic_buffer_inst/rd_data_reg[20]/R
5.579	4.863	FF_R	eth.sgmii_soc1.i_pcs_pma.inst.pcs_pma_block_i/transceiver_inst/rx_elastic_buffer_inst/rd_data_reg[21]/R
5.579	4.863	FF_R	eth.sgmii_soc1.i_pcs_pma.inst.pcs_pma_block_i/transceiver_inst/rx_elastic_buffer_inst/rd_data_reg[22]/R
5.579	4.863	FF_R	eth.sgmii_soc1.i_pcs_pma.inst.pcs_pma_block_i/transceiver_inst/rx_elastic_buffer_inst/rd_data_reg[23]/R
5.579	4.863	FF_R	eth.sgmii_soc1.i_pcs_pma.inst.pcs_pma_block_i/transceiver_inst/rx_elastic_buffer_inst/rd_data_reg[25]/R
5.579	4.863	FF_R	eth.sgmii_soc1.i_pcs_pma.inst.pcs_pma_block_i/transceiver_inst/rx_elastic_buffer_inst/rd_data_reg[26]/R
5.581	4.863	FF_R	eth.sgmii_soc1.i_pcs_pma.inst.pcs_pma_block_i/transceiver_inst/rx_elastic_buffer_inst/rd_data_reg[4]/R
5.581	4.863	FF_R	eth.sgmii_soc1.i_pcs_pma.inst.pcs_pma_block_i/transceiver_inst/rx_elastic_buffer_inst/rd_data_reg[5]/R
5.581	4.863	FF_R	eth.sgmii_soc1.i_pcs_pma.inst.pcs_pma_block_i/transceiver_inst/rx_elastic_buffer_inst/rd_data_reg[6]/R
5.581	4.863	FF_R	eth.sgmii_soc1.i_pcs_pma.inst.pcs_pma_block_i/transceiver_inst/rx_elastic_buffer_inst/rd_data_reg[7]/R
5.632	4.863	FF_R	eth.sgmii_soc1.i_pcs_pma.inst.pcs_pma_block_i/transceiver_inst/rx_elastic_buffer_inst/rd_data_reg_reg[4]/R
5.632	4.863	FF_R	eth.sgmii_soc1.i_pcs_pma.inst.pcs_pma_block_i/transceiver_inst/rx_elastic_buffer_inst/rd_data_reg_reg[5]/R
5.632	4.863	FF_R	eth.sgmii_soc1.i_pcs_pma.inst.pcs_pma_block_i/transceiver_inst/rx_elastic_buffer_inst/rd_data_reg_reg[6]/R
5.632	4.863	FF_R	eth.sgmii_soc1.i_pcs_pma.inst.pcs_pma_block_i/transceiver_inst/rx_elastic_buffer_inst/rd_data_reg_reg[7]/R
5.634	4.863	FF_R	eth.sgmii_soc1.i_pcs_pma.inst.pcs_pma_block_i/transceiver_inst/rx_elastic_buffer_inst/rd_data_reg[13]/R
5.634	4.863	FF_R	eth.sgmii_soc1.i_pcs_pma.inst.pcs_pma_block_i/transceiver_inst/rx_elastic_buffer_inst/rd_data_reg[16]/R
5.634	4.863	FF_R	eth.sgmii_soc1.i_pcs_pma.inst.pcs_pma_block_i/transceiver_inst/rx_elastic_buffer_inst/rd_data_reg[17]/R
5.634	4.863	FF_R	eth.sgmii_soc1.i_pcs_pma.inst.pcs_pma_block_i/transceiver_inst/rx_elastic_buffer_inst/rd_data_reg[18]/R
5.633	4.863	FF_R	eth.sgmii_soc1.i_pcs_pma.inst.pcs_pma_block_i/transceiver_inst/rx_elastic_buffer_inst/rxdata_usr_reg[4]/R
5.633	4.863	FF_R	eth.sgmii_soc1.i_pcs_pma.inst.pcs_pma_block_i/transceiver_inst/rx_elastic_buffer_inst/rxdata_usr_reg[5]/R
5.633	4.863	FF_R	eth.sgmii_soc1.i_pcs_pma.inst.pcs_pma_block_i/transceiver_inst/rx_elastic_buffer_inst/rxdata_usr_reg[6]/R
5.633	4.863	FF_R	eth.sgmii_soc1.i_pcs_pma.inst.pcs_pma_block_i/transceiver_inst/rx_elastic_buffer_inst/rxdata_usr_reg[7]/R
5.568	4.863	FF_R	eth.sgmii_soc1.i_pcs_pma.inst.pcs_pma_block_i/transceiver_inst/rx_elastic_buffer_inst/rd_data_reg_reg[0]/R
5.568	4.863	FF_R	eth.sgmii_soc1.i_pcs_pma.inst.pcs_pma_block_i/transceiver_inst/rx_elastic_buffer_inst/rd_data_reg_reg[10]/R
5.568	4.863	FF_R	eth.sgmii_soc1.i_pcs_pma.inst.pcs_pma_block_i/transceiver_inst/rx_elastic_buffer_inst/rd_data_reg_reg[11]/R
5.568	4.863	FF_R	eth.sgmii_soc1.i_pcs_pma.inst.pcs_pma_block_i/transceiver_inst/rx_elastic_buffer_inst/rd_data_reg_reg[12]/R
5.567	4.863	FF_S	eth.sgmii_soc1.i_pcs_pma.inst.pcs_pma_block_i/transceiver_inst/rx_elastic_buffer_inst/even_reg/S
5.520	4.863	FF_R	eth.sgmii_soc1.i_pcs_pma.inst.pcs_pma_block_i/transceiver_inst/rx_elastic_buffer_inst/rd_addr_gray_reg[0]/R
5.520	4.863	FF_R	eth.sgmii_soc1.i_pcs_pma.inst.pcs_pma_block_i/transceiver_inst/rx_elastic_buffer_inst/rd_addr_gray_reg[1]/R
5.520	4.863	FF_R	eth.sgmii_soc1.i_pcs_pma.inst.pcs_pma_block_i/transceiver_inst/rx_elastic_buffer_inst/rd_addr_gray_reg[2]/R
5.520	4.863	FF_R	eth.sgmii_soc1.i_pcs_pma.inst.pcs_pma_block_i/transceiver_inst/rx_elastic_buffer_inst/rd_addr_gray_reg[3]/R
5.566	4.863	FF_R	eth.sgmii_soc1.i_pcs_pma.inst.pcs_pma_block_i/transceiver_inst/rx_elastic_buffer_inst/rd_data_reg_reg[9]/R
5.570	4.863	FF_R	eth.sgmii_soc1.i_pcs_pma.inst.pcs_pma_block_i/transceiver_inst/rx_elastic_buffer_inst/rxbuferr_reg/R
5.570	4.863	FF_R	eth.sgmii_soc1.i_pcs_pma.inst.pcs_pma_block_i/transceiver_inst/rx_elastic_buffer_inst/rxchariscomma_usr_reg/R
5.570	4.863	FF_R	eth.sgmii_soc1.i_pcs_pma.inst.pcs_pma_block_i/transceiver_inst/rx_elastic_buffer_inst/rxcharisk_usr_reg/R
5.570	4.863	FF_R	eth.sgmii_soc1.i_pcs_pma.inst.pcs_pma_block_i/transceiver_inst/rx_elastic_buffer_inst/rxclkcorcnt_reg[0]/R
5.517	4.863	FF_R	eth.sgmii_soc1.i_pcs_pma.inst.pcs_pma_block_i/transceiver_inst/rx_elastic_buffer_inst/rd_addr_plus2_reg[2]/R
5.517	4.863	FF_R	eth.sgmii_soc1.i_pcs_pma.inst.pcs_pma_block_i/transceiver_inst/rx_elastic_buffer_inst/rd_addr_plus2_reg[3]/R
5.517	4.863	FF_R	eth.sgmii_soc1.i_pcs_pma.inst.pcs_pma_block_i/transceiver_inst/rx_elastic_buffer_inst/rd_addr_plus2_reg[4]/R
5.517	4.863	FF_R	eth.sgmii_soc1.i_pcs_pma.inst.pcs_pma_block_i/transceiver_inst/rx_elastic_buffer_inst/rd_addr_plus2_reg[5]/R
5.514	4.863	FF_S	eth.sgmii_soc1.i_pcs_pma.inst.pcs_pma_block_i/transceiver_inst/rx_elastic_buffer_inst/rd_addr_plus1_reg[0]/S
5.179	3.670	BRAM_ADDR	eth.RAMB16_inst_rx.genblk1[19].RAMB16_S9_S36_inst/ADDRARDADDR[7]
5.157	4.240	BRAM_ADDR	eth.RAMB16_inst_rx.genblk1[15].RAMB16_S9_S36_inst/ADDRARDADDR[9]
5.181	6.499	BRAM_ADDR	eth.RAMB16_inst_rx.genblk1[21].RAMB16_S9_S36_inst/ADDRARDADDR[6]
4.928	4.139	BRAM_ADDR	eth.RAMB16_inst_rx.genblk1[8].RAMB16_S9_S36_inst/ADDRARDADDR[5]
5.158	5.592	BRAM_ADDR	eth.RAMB16_inst_rx.genblk1[18].RAMB16_S9_S36_inst/ADDRARDADDR[3]
5.221	4.731	BRAM_ADDR	eth.RAMB16_inst_rx.genblk1[16].RAMB16_S9_S36_inst/ADDRARDADDR[6]
5.703	5.028	FF_D	eth.sgmii_soc1.i_pcs_pma.inst.pcs_pma_block_i/transceiver_inst/rx_elastic_buffer_inst/reset_modified_reg/D
5.208	4.501	BRAM_ADDR	eth.RAMB16_inst_rx.genblk1[16].RAMB16_S9_S36_inst/ADDRARDADDR[12]
5.154	3.436	BRAM_ADDR	eth.RAMB16_inst_rx.genblk1[21].RAMB16_S9_S36_inst/ADDRARDADDR[8]
5.055	5.914	BRAM_ADDR	eth.RAMB16_inst_rx.genblk1[22].RAMB16_S9_S36_inst/ADDRARDADDR[9]
4.958	4.613	BRAM_ADDR	eth.RAMB16_inst_rx.genblk1[8].RAMB16_S9_S36_inst/ADDRARDADDR[10]
5.164	2.769	BRAM_ADDR	eth.RAMB16_inst_rx.genblk1[17].RAMB16_S9_S36_inst/ADDRARDADDR[8]
5.095	3.537	BRAM_DIADI	eth.RAMB16_inst_rx.genblk1[11].RAMB16_S9_S36_inst/DIADI[6]
5.095	5.703	BRAM_ADDR	eth.RAMB16_inst_rx.genblk1[21].RAMB16_S9_S36_inst/ADDRARDADDR[12]
4.916	5.332	BRAM_ADDR	eth.RAMB16_inst_rx.genblk1[8].RAMB16_S9_S36_inst/ADDRARDADDR[6]
4.889	2.219	BRAM_ADDR	eth.RAMB16_inst_rx.genblk1[8].RAMB16_S9_S36_inst/ADDRARDADDR[8]
4.790	3.818	BRAM_ADDR	eth.RAMB16_inst_rx.genblk1[7].RAMB16_S9_S36_inst/ADDRARDADDR[9]
5.031	3.486	BRAM_DIADI	eth.RAMB16_inst_rx.genblk1[12].RAMB16_S9_S36_inst/DIADI[6]
5.000	3.009	BRAM_ADDR	eth.RAMB16_inst_rx.genblk1[19].RAMB16_S9_S36_inst/ADDRARDADDR[11]
5.007	3.514	BRAM_DIADI	eth.RAMB16_inst_rx.genblk1[15].RAMB16_S9_S36_inst/DIADI[0]
4.928	6.051	BRAM_ADDR	eth.RAMB16_inst_rx.genblk1[22].RAMB16_S9_S36_inst/ADDRARDADDR[5]
4.996	2.837	BRAM_DIADI	eth.RAMB16_inst_rx.genblk1[14].RAMB16_S9_S36_inst/DIADI[2]
4.976	4.167	BRAM_ADDR	eth.RAMB16_inst_rx.genblk1[15].RAMB16_S9_S36_inst/ADDRARDADDR[5]
4.982	5.095	BRAM_ADDR	eth.RAMB16_inst_rx.genblk1[18].RAMB16_S9_S36_inst/ADDRARDADDR[4]
4.830	4.217	BRAM_ADDR	eth.RAMB16_inst_rx.genblk1[8].RAMB16_S9_S36_inst/ADDRARDADDR[12]
5.040	4.931	BRAM_ADDR	eth.RAMB16_inst_rx.genblk1[16].RAMB16_S9_S36_inst/ADDRARDADDR[10]
4.945	4.830	BRAM_ADDR	eth.RAMB16_inst_rx.genblk1[1].RAMB16_S9_S36_inst/ADDRARDADDR[9]
4.958	6.253	BRAM_ADDR	eth.RAMB16_inst_rx.genblk1[22].RAMB16_S9_S36_inst/ADDRARDADDR[10]
4.780	3.183	BRAM_DIADI	eth.RAMB16_inst_rx.genblk1[0].RAMB16_S9_S36_inst/DIADI[4]
4.870	6.356	BRAM_ADDR	eth.RAMB16_inst_rx.genblk1[20].RAMB16_S9_S36_inst/ADDRARDADDR[3]
4.914	3.656	BRAM_ADDR	eth.RAMB16_inst_rx.genblk1[18].RAMB16_S9_S36_inst/ADDRARDADDR[7]
4.892	3.956	BRAM_ADDR	eth.RAMB16_inst_rx.genblk1[14].RAMB16_S9_S36_inst/ADDRARDADDR[9]
4.893	5.308	BRAM_ADDR	eth.RAMB16_inst_rx.genblk1[17].RAMB16_S9_S36_inst/ADDRARDADDR[3]
4.916	6.688	BRAM_ADDR	eth.RAMB16_inst_rx.genblk1[22].RAMB16_S9_S36_inst/ADDRARDADDR[6]
4.663	3.972	BRAM_ADDR	eth.RAMB16_inst_rx.genblk1[7].RAMB16_S9_S36_inst/ADDRARDADDR[5]
4.825	3.697	BRAM_ADDR	eth.RAMB16_inst_rx.genblk1[20].RAMB16_S9_S36_inst/ADDRARDADDR[11]
4.956	4.716	BRAM_ADDR	eth.RAMB16_inst_rx.genblk1[15].RAMB16_S9_S36_inst/ADDRARDADDR[6]
4.943	4.604	BRAM_ADDR	eth.RAMB16_inst_rx.genblk1[15].RAMB16_S9_S36_inst/ADDRARDADDR[12]
4.889	3.720	BRAM_ADDR	eth.RAMB16_inst_rx.genblk1[22].RAMB16_S9_S36_inst/ADDRARDADDR[8]
4.790	5.754	BRAM_ADDR	eth.RAMB16_inst_rx.genblk1[23].RAMB16_S9_S36_inst/ADDRARDADDR[9]
4.862	3.245	BRAM_DIADI	eth.RAMB16_inst_rx.genblk1[15].RAMB16_S9_S36_inst/DIADI[2]
4.693	4.424	BRAM_ADDR	eth.RAMB16_inst_rx.genblk1[7].RAMB16_S9_S36_inst/ADDRARDADDR[10]
4.605	4.486	BRAM_ADDR	eth.RAMB16_inst_rx.genblk1[9].RAMB16_S9_S36_inst/ADDRARDADDR[3]
4.899	2.485	BRAM_ADDR	eth.RAMB16_inst_rx.genblk1[16].RAMB16_S9_S36_inst/ADDRARDADDR[8]
4.830	5.965	BRAM_ADDR	eth.RAMB16_inst_rx.genblk1[22].RAMB16_S9_S36_inst/ADDRARDADDR[12]
4.651	5.026	BRAM_ADDR	eth.RAMB16_inst_rx.genblk1[7].RAMB16_S9_S36_inst/ADDRARDADDR[6]
4.560	3.102	BRAM_ADDR	eth.RAMB16_inst_rx.genblk1[9].RAMB16_S9_S36_inst/ADDRARDADDR[11]
4.624	2.371	BRAM_ADDR	eth.RAMB16_inst_rx.genblk1[7].RAMB16_S9_S36_inst/ADDRARDADDR[8]
4.525	3.629	BRAM_ADDR	eth.RAMB16_inst_rx.genblk1[6].RAMB16_S9_S36_inst/ADDRARDADDR[9]
